{
    "acc_t": [
        0.8171833333333334,
        0.8557166666666667,
        0.8662833333333333,
        0.8729333333333333,
        0.8756333333333334,
        0.8785,
        0.8814333333333333,
        0.8842166666666667,
        0.8871666666666667,
        0.8897666666666667,
        0.8899166666666667,
        0.8913666666666666,
        0.89345,
        0.8934333333333333,
        0.8958833333333334,
        0.8982,
        0.8985833333333333,
        0.8994833333333333,
        0.9014,
        0.9017833333333334
    ],
    "acc_e": [
        0.8209,
        0.8268,
        0.8388,
        0.8441,
        0.8395,
        0.8415,
        0.8496,
        0.8503,
        0.8423,
        0.8527,
        0.8523,
        0.8557,
        0.8558,
        0.8632,
        0.8585,
        0.8612,
        0.8649,
        0.8638,
        0.8648,
        0.8553
    ]
}