{
    "acc_t": [
        0.8324166666666667,
        0.8666,
        0.8747,
        0.8814166666666666,
        0.8841666666666667,
        0.88895,
        0.8913833333333333,
        0.8943333333333333,
        0.8978,
        0.8988166666666667,
        0.9013333333333333,
        0.9036333333333333,
        0.9057166666666666,
        0.90625,
        0.909,
        0.90965,
        0.9116833333333333,
        0.9129833333333334,
        0.9129833333333334,
        0.9146833333333333
    ],
    "acc_e": [
        0.8131,
        0.8358,
        0.8301,
        0.8398,
        0.8489,
        0.8442,
        0.8491,
        0.8587,
        0.8497,
        0.8539,
        0.8629,
        0.8659,
        0.8641,
        0.8667,
        0.8684,
        0.8711,
        0.8656,
        0.8748,
        0.8695,
        0.868
    ]
}