{
    "acc_t": [
        0.9005166666666666,
        0.93135,
        0.9402666666666667,
        0.9462666666666667,
        0.9500666666666666,
        0.95285,
        0.95515,
        0.9569666666666666,
        0.9590166666666666,
        0.9599333333333333,
        0.9616833333333333,
        0.96225,
        0.9639166666666666,
        0.96495,
        0.9660666666666666,
        0.9670666666666666,
        0.9678,
        0.9674666666666667,
        0.9685,
        0.9692333333333333
    ],
    "acc_e": [
        0.9103,
        0.9279,
        0.9309,
        0.9347,
        0.9353,
        0.9402,
        0.9439,
        0.941,
        0.942,
        0.9444,
        0.946,
        0.9467,
        0.9429,
        0.9496,
        0.9477,
        0.9518,
        0.9496,
        0.9529,
        0.9486,
        0.9531
    ]
}