{
    "acc_t": [
        0.8888833333333334,
        0.9279666666666667,
        0.9405,
        0.9486333333333333,
        0.9543833333333334,
        0.9587333333333333,
        0.9618333333333333,
        0.96525,
        0.96795,
        0.9695666666666667,
        0.9714,
        0.9725,
        0.9740666666666666,
        0.9751333333333333,
        0.9760833333333333,
        0.9775166666666667,
        0.9785833333333334,
        0.9793166666666666,
        0.9799166666666667,
        0.9807,
        0.9816333333333334,
        0.9819,
        0.9829166666666667,
        0.98315,
        0.9841166666666666,
        0.9841666666666666,
        0.9846333333333334,
        0.9854333333333334,
        0.9861,
        0.9861333333333333,
        0.98655,
        0.98675,
        0.9872166666666666,
        0.98775,
        0.9880166666666667,
        0.9882333333333333,
        0.98845,
        0.9889833333333333,
        0.98915,
        0.9891833333333333,
        0.9896833333333334,
        0.9897666666666667,
        0.9901666666666666,
        0.99045,
        0.9907166666666667,
        0.9911333333333333,
        0.9910166666666667,
        0.9910666666666667,
        0.9915,
        0.9916166666666667,
        0.9915666666666667,
        0.9923833333333333,
        0.9921666666666666,
        0.9924166666666666,
        0.9926666666666667,
        0.9927,
        0.9927,
        0.9930833333333333,
        0.99315,
        0.9932
    ],
    "acc_e": [
        0.9025,
        0.9188,
        0.9284,
        0.9414,
        0.9438,
        0.9464,
        0.9522,
        0.9534,
        0.9514,
        0.9573,
        0.961,
        0.9597,
        0.9574,
        0.964,
        0.9633,
        0.9632,
        0.9663,
        0.9643,
        0.9662,
        0.9682,
        0.9646,
        0.9701,
        0.9708,
        0.971,
        0.9695,
        0.9707,
        0.9705,
        0.9711,
        0.9712,
        0.9716,
        0.9719,
        0.9723,
        0.9742,
        0.9723,
        0.9729,
        0.9724,
        0.9721,
        0.9724,
        0.9749,
        0.975,
        0.9754,
        0.9713,
        0.973,
        0.9724,
        0.9757,
        0.9742,
        0.975,
        0.9718,
        0.9758,
        0.9753,
        0.9765,
        0.9759,
        0.9762,
        0.9769,
        0.9765,
        0.9745,
        0.9762,
        0.976,
        0.9768,
        0.9757
    ]
}