{
    "acc_t": [
        0.9644333333333334,
        0.9656833333333333,
        0.9649166666666666,
        0.9631,
        0.9634,
        0.9633666666666667,
        0.9639166666666666,
        0.9615833333333333,
        0.9612833333333334,
        0.9625,
        0.9616,
        0.9607,
        0.95865,
        0.95955,
        0.9593833333333334,
        0.95875,
        0.9579,
        0.9580166666666666,
        0.9576666666666667,
        0.9563666666666667
    ],
    "acc_e": [
        0.9056,
        0.9128,
        0.9236,
        0.9162,
        0.9099,
        0.9227,
        0.9246,
        0.9272,
        0.9249,
        0.9234,
        0.9195,
        0.9249,
        0.9216,
        0.9238,
        0.9103,
        0.9109,
        0.9236,
        0.9212,
        0.914,
        0.912
    ]
}