{
    "acc_t": [
        0.96885,
        0.9836,
        0.9859333333333333,
        0.9876666666666667,
        0.9891666666666666,
        0.9908833333333333,
        0.9917333333333334,
        0.9925833333333334,
        0.99315,
        0.9939,
        0.9941666666666666,
        0.9950666666666667,
        0.9948666666666667,
        0.9956166666666667,
        0.9959833333333333,
        0.99625,
        0.9964333333333333,
        0.9970333333333333,
        0.99685,
        0.9970833333333333
    ],
    "acc_e": [
        0.94,
        0.9481,
        0.9525,
        0.9579,
        0.9583,
        0.9638,
        0.9682,
        0.9685,
        0.9671,
        0.9665,
        0.9696,
        0.9684,
        0.971,
        0.971,
        0.9722,
        0.9692,
        0.9696,
        0.9709,
        0.9726,
        0.973
    ]
}