{
    "acc_t": [
        0.99145,
        0.9858666666666667,
        0.9841666666666666,
        0.9829166666666667,
        0.9827833333333333,
        0.9811333333333333,
        0.98095,
        0.9805166666666667,
        0.9793166666666666,
        0.97945,
        0.9789,
        0.9785166666666667,
        0.9779166666666667,
        0.9773,
        0.9772333333333333,
        0.9768833333333333,
        0.9779166666666667,
        0.9775666666666667,
        0.9775333333333334,
        0.9773
    ],
    "acc_e": [
        0.8933,
        0.91,
        0.8983,
        0.9026,
        0.9058,
        0.9067,
        0.8998,
        0.9065,
        0.9156,
        0.9037,
        0.8942,
        0.9045,
        0.9061,
        0.9109,
        0.9026,
        0.8942,
        0.9008,
        0.9146,
        0.8959,
        0.8954
    ]
}