{
    "acc_t": [
        0.9109666666666667,
        0.93855,
        0.9476,
        0.9529666666666666,
        0.9556,
        0.9589166666666666,
        0.9610166666666666,
        0.9629,
        0.9640333333333333,
        0.9662833333333334,
        0.9672166666666666,
        0.9679666666666666,
        0.9690833333333333,
        0.9695666666666667,
        0.9705166666666667,
        0.9711666666666666,
        0.9719666666666666,
        0.9721833333333333,
        0.9735166666666667,
        0.97395
    ],
    "acc_e": [
        0.916,
        0.926,
        0.9267,
        0.9341,
        0.9396,
        0.9417,
        0.943,
        0.9446,
        0.941,
        0.9449,
        0.9481,
        0.9473,
        0.948,
        0.9491,
        0.9484,
        0.9539,
        0.9526,
        0.9496,
        0.951,
        0.9521
    ]
}