{
    "acc_t": [
        0.9174166666666667,
        0.9433166666666667,
        0.9514833333333333,
        0.9553333333333334,
        0.95985,
        0.96205,
        0.9640833333333333,
        0.9656166666666667,
        0.9669,
        0.9688,
        0.9698,
        0.9704833333333334,
        0.9716,
        0.97275,
        0.97285,
        0.9731666666666666,
        0.9746166666666667,
        0.9750666666666666,
        0.9753333333333334,
        0.9760333333333333
    ],
    "acc_e": [
        0.9198,
        0.9273,
        0.9287,
        0.9312,
        0.9384,
        0.9455,
        0.9427,
        0.9432,
        0.9445,
        0.9419,
        0.947,
        0.9477,
        0.9479,
        0.9518,
        0.9494,
        0.9483,
        0.9497,
        0.952,
        0.9497,
        0.9494
    ]
}