{
    "acc_t": [
        0.9124166666666667,
        0.93915,
        0.9473333333333334,
        0.9527833333333333,
        0.9561833333333334,
        0.9580833333333333,
        0.9601166666666666,
        0.9631166666666666,
        0.96425,
        0.9656333333333333,
        0.9669166666666666,
        0.9668,
        0.9688166666666667,
        0.9692333333333333,
        0.9700333333333333,
        0.9710166666666666,
        0.9719,
        0.9725666666666667,
        0.9723166666666667,
        0.97305
    ],
    "acc_e": [
        0.9125,
        0.9217,
        0.9335,
        0.9374,
        0.9336,
        0.9386,
        0.9441,
        0.9408,
        0.9394,
        0.9484,
        0.9459,
        0.9395,
        0.9452,
        0.9529,
        0.9506,
        0.9488,
        0.9488,
        0.9499,
        0.9483,
        0.9506
    ]
}