{
    "acc_t": [
        0.8366333333333333,
        0.8662,
        0.8752166666666666,
        0.8816833333333334,
        0.88725,
        0.8903166666666666,
        0.8934666666666666,
        0.89525,
        0.8978,
        0.8997,
        0.9022833333333333,
        0.9033,
        0.9046833333333333,
        0.9070166666666667,
        0.9095833333333333,
        0.9093833333333333,
        0.91135,
        0.9112833333333333,
        0.9131166666666667,
        0.91375
    ],
    "acc_e": [
        0.8245,
        0.8198,
        0.8392,
        0.8506,
        0.8431,
        0.8523,
        0.8612,
        0.8609,
        0.858,
        0.8547,
        0.8464,
        0.8642,
        0.8636,
        0.854,
        0.8566,
        0.8663,
        0.868,
        0.8648,
        0.8709,
        0.8593
    ]
}