{
    "acc_t": [
        0.9471333333333334,
        0.9535833333333333,
        0.9563166666666667,
        0.95775,
        0.9583833333333334,
        0.9600833333333333,
        0.9609166666666666,
        0.96015,
        0.9600666666666666,
        0.9599166666666666,
        0.9581333333333333,
        0.9586166666666667,
        0.95995,
        0.9597833333333333,
        0.9591833333333334,
        0.959,
        0.9580166666666666,
        0.9571833333333334,
        0.9575666666666667,
        0.9566833333333333
    ],
    "acc_e": [
        0.9164,
        0.9209,
        0.9223,
        0.9288,
        0.9243,
        0.9264,
        0.9356,
        0.9185,
        0.925,
        0.928,
        0.9221,
        0.9158,
        0.9273,
        0.9196,
        0.9197,
        0.9291,
        0.9213,
        0.9191,
        0.9225,
        0.9207
    ]
}