{
    "acc_t": [
        0.8790833333333333,
        0.9003,
        0.9075333333333333,
        0.913,
        0.9121,
        0.9157,
        0.9176833333333333,
        0.9194,
        0.9202,
        0.9208166666666666,
        0.9215166666666667,
        0.9229166666666667,
        0.9248833333333333,
        0.9247833333333333,
        0.9247166666666666,
        0.926,
        0.9254333333333333,
        0.9272166666666667,
        0.9282833333333333,
        0.9288166666666666
    ],
    "acc_e": [
        0.8374,
        0.8382,
        0.8469,
        0.8586,
        0.8512,
        0.8575,
        0.858,
        0.857,
        0.8514,
        0.8622,
        0.8623,
        0.8659,
        0.8639,
        0.8648,
        0.855,
        0.8659,
        0.8571,
        0.8643,
        0.8602,
        0.8674
    ]
}