{
    "acc_t": [
        0.9168833333333334,
        0.9415,
        0.9488833333333333,
        0.9541666666666667,
        0.9585333333333333,
        0.9612166666666667,
        0.96315,
        0.9650666666666666,
        0.9662166666666666,
        0.9678166666666667,
        0.9688666666666667,
        0.9695833333333334,
        0.9707,
        0.97205,
        0.972,
        0.9723333333333334,
        0.9732333333333333,
        0.9737166666666667,
        0.9741666666666666,
        0.9756166666666667
    ],
    "acc_e": [
        0.9175,
        0.9267,
        0.9327,
        0.9293,
        0.9366,
        0.9321,
        0.944,
        0.9398,
        0.9474,
        0.944,
        0.9431,
        0.946,
        0.9366,
        0.9484,
        0.9479,
        0.9493,
        0.9505,
        0.9502,
        0.9509,
        0.9509
    ]
}