{
    "acc_t": [
        0.8903,
        0.9250666666666667,
        0.9341833333333334,
        0.9400333333333334,
        0.9441833333333334,
        0.9474,
        0.9508333333333333,
        0.9523666666666667,
        0.9535,
        0.9550666666666666,
        0.9577166666666667,
        0.9580333333333333,
        0.9588,
        0.9603,
        0.9615,
        0.9619,
        0.9627166666666667,
        0.96435,
        0.9645166666666667,
        0.9650666666666666
    ],
    "acc_e": [
        0.9101,
        0.9233,
        0.9279,
        0.9325,
        0.9365,
        0.932,
        0.9373,
        0.9387,
        0.9413,
        0.9428,
        0.9436,
        0.9451,
        0.9465,
        0.9462,
        0.9476,
        0.9494,
        0.9489,
        0.9492,
        0.9481,
        0.9508
    ]
}