{
    "acc_t": [
        0.8863,
        0.90415,
        0.9075833333333333,
        0.9095666666666666,
        0.9122,
        0.91205,
        0.9135666666666666,
        0.9143833333333333,
        0.9166333333333333,
        0.9174,
        0.9176833333333333,
        0.9184833333333333,
        0.9197,
        0.9183833333333333,
        0.9195333333333333,
        0.9218666666666666,
        0.9204,
        0.922,
        0.9217833333333333,
        0.92285
    ],
    "acc_e": [
        0.838,
        0.8285,
        0.8451,
        0.8448,
        0.8447,
        0.8523,
        0.8474,
        0.8616,
        0.8502,
        0.8561,
        0.8609,
        0.848,
        0.8631,
        0.8492,
        0.8459,
        0.8471,
        0.8562,
        0.8605,
        0.8617,
        0.8581
    ]
}