{
    "acc_t": [
        0.8962666666666667,
        0.9349166666666666,
        0.9470666666666666,
        0.9554333333333334,
        0.9602833333333334,
        0.9641166666666666,
        0.9674833333333334,
        0.97005,
        0.9724833333333334,
        0.9744333333333334,
        0.9754333333333334,
        0.9769333333333333,
        0.9783833333333334,
        0.9797166666666667,
        0.9806833333333334,
        0.98215,
        0.9826,
        0.9831333333333333,
        0.9842666666666666,
        0.98475,
        0.9855,
        0.986,
        0.98655,
        0.9874,
        0.9877166666666667,
        0.9885666666666667,
        0.9889166666666667,
        0.9891333333333333,
        0.98945,
        0.9900666666666667,
        0.9902166666666666,
        0.9907666666666667,
        0.99075,
        0.99125,
        0.9912833333333333,
        0.9922166666666666,
        0.9924333333333333,
        0.9924666666666667,
        0.9925166666666667,
        0.9929833333333333,
        0.9930166666666667,
        0.9933833333333333,
        0.9932,
        0.994,
        0.9942333333333333,
        0.9943166666666666,
        0.9944666666666667,
        0.9944833333333334,
        0.9947333333333334,
        0.9946666666666667,
        0.9953666666666666,
        0.9950833333333333,
        0.9952666666666666,
        0.9959,
        0.9955166666666667,
        0.9956666666666667,
        0.9960833333333333,
        0.9961666666666666,
        0.9960333333333333,
        0.9960666666666667
    ],
    "acc_e": [
        0.9164,
        0.9326,
        0.9423,
        0.9484,
        0.9519,
        0.9535,
        0.9586,
        0.9618,
        0.9626,
        0.963,
        0.9645,
        0.9612,
        0.9671,
        0.9674,
        0.9679,
        0.9697,
        0.9691,
        0.97,
        0.9719,
        0.9713,
        0.9731,
        0.9731,
        0.9743,
        0.9736,
        0.9739,
        0.974,
        0.9745,
        0.9734,
        0.9745,
        0.9753,
        0.9752,
        0.9754,
        0.9762,
        0.9763,
        0.9755,
        0.9768,
        0.9763,
        0.9769,
        0.9753,
        0.9769,
        0.9768,
        0.9786,
        0.9767,
        0.9752,
        0.9773,
        0.9778,
        0.9784,
        0.9766,
        0.978,
        0.9777,
        0.9776,
        0.9776,
        0.9791,
        0.9792,
        0.9783,
        0.9793,
        0.9778,
        0.9794,
        0.9773,
        0.9792
    ]
}