{
    "acc_t": [
        0.9924333333333333,
        0.9850166666666667,
        0.9822,
        0.9809333333333333,
        0.97845,
        0.9778666666666667,
        0.9786166666666667,
        0.9772,
        0.9779166666666667,
        0.9763666666666667,
        0.9761333333333333,
        0.9764166666666667,
        0.9747833333333333,
        0.9749166666666667,
        0.9747666666666667,
        0.9754666666666667,
        0.9743333333333334,
        0.9737333333333333,
        0.9736333333333334,
        0.9737
    ],
    "acc_e": [
        0.8753,
        0.8809,
        0.8816,
        0.8679,
        0.894,
        0.8862,
        0.9015,
        0.8918,
        0.888,
        0.8631,
        0.8762,
        0.8621,
        0.8882,
        0.8936,
        0.8956,
        0.8884,
        0.8527,
        0.8683,
        0.8859,
        0.8689
    ]
}