{
    "acc_t": [
        0.8846333333333334,
        0.9221833333333334,
        0.9306333333333333,
        0.9362333333333334,
        0.9406833333333333,
        0.9435333333333333,
        0.9468833333333333,
        0.9480166666666666,
        0.9502333333333334,
        0.95215,
        0.9536333333333333,
        0.9545333333333333,
        0.9566,
        0.9570333333333333,
        0.9579666666666666,
        0.9590166666666666,
        0.9598666666666666,
        0.96025,
        0.9614333333333334,
        0.96185
    ],
    "acc_e": [
        0.9118,
        0.9189,
        0.9269,
        0.925,
        0.9335,
        0.9348,
        0.9334,
        0.9367,
        0.9381,
        0.9417,
        0.9412,
        0.9437,
        0.9421,
        0.9423,
        0.9469,
        0.9425,
        0.9468,
        0.9477,
        0.949,
        0.947
    ]
}