{
    "acc_t": [
        0.9058666666666667,
        0.93555,
        0.9446833333333333,
        0.9501,
        0.9535,
        0.9569666666666666,
        0.9588,
        0.9610333333333333,
        0.9625166666666667,
        0.9637666666666667,
        0.9653,
        0.9660166666666666,
        0.9663333333333334,
        0.9686166666666667,
        0.9688666666666667,
        0.9701666666666666,
        0.9706833333333333,
        0.9708666666666667,
        0.9719166666666667,
        0.9722166666666666
    ],
    "acc_e": [
        0.9163,
        0.9258,
        0.9322,
        0.9363,
        0.9388,
        0.9419,
        0.9415,
        0.9446,
        0.9468,
        0.9495,
        0.9438,
        0.9518,
        0.9496,
        0.9493,
        0.951,
        0.9492,
        0.9516,
        0.9517,
        0.9511,
        0.9526
    ]
}