{
    "acc_t": [
        0.9906333333333334,
        0.98175,
        0.9795666666666667,
        0.9800833333333333,
        0.9784833333333334,
        0.9783166666666666,
        0.97695,
        0.9773,
        0.9760833333333333,
        0.97555,
        0.976,
        0.9759166666666667,
        0.9760166666666666,
        0.97565,
        0.9750166666666666,
        0.9750666666666666,
        0.9752666666666666,
        0.9762166666666666,
        0.97505,
        0.9754166666666667
    ],
    "acc_e": [
        0.8896,
        0.8459,
        0.8859,
        0.89,
        0.8808,
        0.861,
        0.9002,
        0.9063,
        0.88,
        0.8988,
        0.9025,
        0.9,
        0.889,
        0.8637,
        0.8919,
        0.8822,
        0.8912,
        0.8916,
        0.8983,
        0.8891
    ]
}