{
    "acc_t": [
        0.8313,
        0.8664,
        0.87505,
        0.8815833333333334,
        0.8867333333333334,
        0.8896,
        0.8908666666666667,
        0.8948166666666667,
        0.89725,
        0.8987166666666667,
        0.8998,
        0.9021833333333333,
        0.9055166666666666,
        0.9063666666666667,
        0.9077833333333334,
        0.9088,
        0.9111333333333334,
        0.9117333333333333,
        0.9143333333333333,
        0.9150833333333334
    ],
    "acc_e": [
        0.8231,
        0.8364,
        0.8366,
        0.8459,
        0.8423,
        0.8535,
        0.8544,
        0.8551,
        0.8465,
        0.8644,
        0.8657,
        0.862,
        0.8641,
        0.8546,
        0.8653,
        0.8676,
        0.8612,
        0.8681,
        0.8711,
        0.8711
    ]
}