{
    "acc_t": [
        0.9297,
        0.9497166666666667,
        0.9555833333333333,
        0.9592,
        0.9616833333333333,
        0.9641833333333333,
        0.9662833333333334,
        0.9679,
        0.9698666666666667,
        0.9696833333333333,
        0.97055,
        0.9717333333333333,
        0.97165,
        0.9727166666666667,
        0.973,
        0.97405,
        0.97435,
        0.9748,
        0.9751666666666666,
        0.9749166666666667
    ],
    "acc_e": [
        0.9145,
        0.9266,
        0.9303,
        0.9353,
        0.9384,
        0.9381,
        0.9449,
        0.9438,
        0.9397,
        0.9399,
        0.9419,
        0.9476,
        0.943,
        0.9437,
        0.9438,
        0.9469,
        0.9462,
        0.9487,
        0.9455,
        0.9399
    ]
}