{
    "acc_t": [
        0.9126166666666666,
        0.9397,
        0.9472,
        0.95215,
        0.9562666666666667,
        0.9591833333333334,
        0.9616166666666667,
        0.9626333333333333,
        0.9645666666666667,
        0.9653166666666667,
        0.96735,
        0.96825,
        0.9698833333333333,
        0.9705333333333334,
        0.9711666666666666,
        0.9718,
        0.9723833333333334,
        0.9734333333333334,
        0.9732333333333333,
        0.97405
    ],
    "acc_e": [
        0.9198,
        0.927,
        0.9323,
        0.9331,
        0.9417,
        0.9402,
        0.9405,
        0.9467,
        0.9472,
        0.9493,
        0.9479,
        0.9508,
        0.9479,
        0.9504,
        0.9488,
        0.9496,
        0.9533,
        0.9518,
        0.949,
        0.9516
    ]
}