{
    "acc_t": [
        0.8908666666666667,
        0.9255166666666667,
        0.93465,
        0.9395666666666667,
        0.94445,
        0.9477333333333333,
        0.94985,
        0.9519333333333333,
        0.9536,
        0.9551333333333333,
        0.9567666666666667,
        0.95725,
        0.95895,
        0.9601833333333334,
        0.9614166666666667,
        0.9614833333333334,
        0.9626,
        0.9629333333333333,
        0.9642,
        0.9649666666666666
    ],
    "acc_e": [
        0.909,
        0.9217,
        0.9256,
        0.9316,
        0.9345,
        0.9369,
        0.9373,
        0.9359,
        0.9408,
        0.9424,
        0.9436,
        0.9432,
        0.9463,
        0.9448,
        0.9433,
        0.9439,
        0.9471,
        0.9491,
        0.9473,
        0.9489
    ]
}