{
    "acc_t": [
        0.8900666666666667,
        0.9243666666666667,
        0.9345666666666667,
        0.9396833333333333,
        0.9440333333333333,
        0.9473166666666667,
        0.9494666666666667,
        0.9523666666666667,
        0.9535,
        0.9552666666666667,
        0.9567,
        0.9581,
        0.9597,
        0.9605,
        0.9616666666666667,
        0.96205,
        0.9626,
        0.9637833333333333,
        0.9641666666666666,
        0.9651166666666666
    ],
    "acc_e": [
        0.9047,
        0.9226,
        0.9255,
        0.9284,
        0.9289,
        0.9352,
        0.9344,
        0.9339,
        0.9398,
        0.9418,
        0.9409,
        0.9448,
        0.9437,
        0.9482,
        0.9432,
        0.9472,
        0.9468,
        0.9468,
        0.9497,
        0.9473
    ]
}