{
    "acc_t": [
        0.80965,
        0.8852833333333333,
        0.8979,
        0.9059833333333334,
        0.9101666666666667,
        0.9145833333333333,
        0.91715,
        0.9197,
        0.9224,
        0.92435,
        0.9256333333333333,
        0.9279333333333334,
        0.9293666666666667,
        0.9300166666666667,
        0.9325666666666667,
        0.9339833333333334,
        0.9341333333333334,
        0.9366,
        0.9363333333333334,
        0.9375166666666667
    ],
    "acc_e": [
        0.8764,
        0.8926,
        0.9053,
        0.9082,
        0.9125,
        0.9157,
        0.919,
        0.9185,
        0.9218,
        0.924,
        0.9234,
        0.9231,
        0.9271,
        0.9294,
        0.9277,
        0.9298,
        0.9309,
        0.9309,
        0.9328,
        0.9331
    ]
}