{
    "acc_t": [
        0.8417333333333333,
        0.87205,
        0.88135,
        0.8874833333333333,
        0.8921833333333333,
        0.8961333333333333,
        0.8996833333333333,
        0.9009,
        0.9039333333333334,
        0.9070333333333334,
        0.90835,
        0.91,
        0.9115,
        0.9137666666666666,
        0.9154166666666667,
        0.91695,
        0.9182333333333333,
        0.9193,
        0.92,
        0.92165
    ],
    "acc_e": [
        0.8364,
        0.845,
        0.845,
        0.8534,
        0.8553,
        0.8558,
        0.8565,
        0.8582,
        0.8608,
        0.8643,
        0.8661,
        0.8705,
        0.8628,
        0.8693,
        0.867,
        0.8557,
        0.864,
        0.8741,
        0.8679,
        0.8703
    ]
}