{
    "acc_t": [
        0.9239666666666667,
        0.9479166666666666,
        0.9542333333333334,
        0.9589833333333333,
        0.9614666666666667,
        0.9642666666666667,
        0.9658166666666667,
        0.9674166666666667,
        0.96865,
        0.9702333333333333,
        0.9712833333333334,
        0.9720666666666666,
        0.97315,
        0.9733333333333334,
        0.9748166666666667,
        0.9756333333333334,
        0.9758166666666667,
        0.9754833333333334,
        0.97625,
        0.9766
    ],
    "acc_e": [
        0.9131,
        0.9331,
        0.9339,
        0.9351,
        0.944,
        0.9403,
        0.9416,
        0.9434,
        0.9421,
        0.9452,
        0.9457,
        0.9424,
        0.9473,
        0.9482,
        0.9476,
        0.9446,
        0.9523,
        0.9497,
        0.9489,
        0.9479
    ]
}