{
    "acc_t": [
        0.8933,
        0.9334333333333333,
        0.9463333333333334,
        0.9539333333333333,
        0.9592166666666667,
        0.9633333333333334,
        0.96695,
        0.9688666666666667,
        0.9720166666666666,
        0.9733166666666667,
        0.97515,
        0.9766666666666667,
        0.9783333333333334,
        0.97945,
        0.9801,
        0.9813333333333333,
        0.9819333333333333,
        0.9826166666666667,
        0.9834666666666667,
        0.9844333333333334,
        0.98505,
        0.9854166666666667,
        0.9860666666666666,
        0.9863166666666666,
        0.9869666666666667,
        0.9873333333333333,
        0.9879833333333333,
        0.98845,
        0.9888333333333333,
        0.9894,
        0.9897666666666667,
        0.99015,
        0.9905166666666667,
        0.9903333333333333,
        0.9907166666666667,
        0.9909,
        0.9917,
        0.9917,
        0.9919833333333333,
        0.9919666666666667,
        0.99245,
        0.99235,
        0.9928666666666667,
        0.9930166666666667,
        0.99335,
        0.9934333333333333,
        0.9934666666666667,
        0.9938166666666667,
        0.9939833333333333,
        0.9941166666666666,
        0.9940666666666667,
        0.9944666666666667,
        0.9946166666666667,
        0.99455,
        0.9949166666666667,
        0.9950333333333333,
        0.9954666666666667,
        0.9951333333333333,
        0.9957666666666667,
        0.99555
    ],
    "acc_e": [
        0.9088,
        0.9246,
        0.9362,
        0.9429,
        0.9452,
        0.949,
        0.9534,
        0.9593,
        0.9577,
        0.9604,
        0.9562,
        0.9646,
        0.9651,
        0.964,
        0.9657,
        0.9662,
        0.9669,
        0.9676,
        0.9681,
        0.9671,
        0.9704,
        0.9718,
        0.9712,
        0.9719,
        0.9712,
        0.9737,
        0.9719,
        0.9726,
        0.9732,
        0.9715,
        0.9732,
        0.9738,
        0.9737,
        0.9729,
        0.9722,
        0.975,
        0.9757,
        0.9728,
        0.9749,
        0.976,
        0.9741,
        0.9763,
        0.976,
        0.9745,
        0.9744,
        0.975,
        0.976,
        0.976,
        0.9754,
        0.9758,
        0.9764,
        0.9768,
        0.976,
        0.9765,
        0.9774,
        0.9762,
        0.9775,
        0.9765,
        0.9761,
        0.9769
    ]
}