{
    "acc_t": [
        0.9361,
        0.9484833333333333,
        0.9523166666666667,
        0.9551,
        0.9552166666666667,
        0.95825,
        0.9592666666666667,
        0.9593666666666667,
        0.9597,
        0.9606666666666667,
        0.9608166666666667,
        0.9613833333333334,
        0.9618,
        0.9624,
        0.9633833333333334,
        0.9644166666666667,
        0.9644333333333334,
        0.9630166666666666,
        0.96335,
        0.96355
    ],
    "acc_e": [
        0.906,
        0.922,
        0.9303,
        0.9271,
        0.9295,
        0.9176,
        0.9267,
        0.9333,
        0.9374,
        0.9318,
        0.9349,
        0.9342,
        0.9366,
        0.938,
        0.9358,
        0.9394,
        0.9257,
        0.9324,
        0.9354,
        0.9351
    ]
}