{
    "acc_t": [
        0.9026666666666666,
        0.8877,
        0.8490166666666666,
        0.8254666666666667,
        0.805,
        0.7937666666666666,
        0.8000833333333334,
        0.8010833333333334,
        0.7960333333333334,
        0.7918,
        0.7889833333333334,
        0.7898166666666666,
        0.79475,
        0.8005833333333333,
        0.8006166666666666,
        0.8070666666666667,
        0.81015,
        0.8086166666666667,
        0.80985,
        0.8087
    ],
    "acc_e": [
        0.8213,
        0.7914,
        0.7834,
        0.7031,
        0.7105,
        0.7535,
        0.6879,
        0.713,
        0.6804,
        0.6944,
        0.7373,
        0.6867,
        0.616,
        0.6414,
        0.7203,
        0.6728,
        0.7377,
        0.7186,
        0.7318,
        0.7364
    ]
}