{
    "acc_t": [
        0.9235,
        0.9567166666666667,
        0.9678666666666667,
        0.9743166666666667,
        0.9778666666666667,
        0.9810333333333333,
        0.9831833333333333,
        0.9847333333333333,
        0.9863,
        0.9874166666666667,
        0.9885166666666667,
        0.9888666666666667,
        0.99005,
        0.9908333333333333,
        0.9915,
        0.992,
        0.9927,
        0.9928666666666667,
        0.9936666666666667,
        0.9935666666666667
    ],
    "acc_e": [
        0.9409,
        0.9507,
        0.9602,
        0.9641,
        0.9663,
        0.9655,
        0.9711,
        0.9714,
        0.9713,
        0.9736,
        0.977,
        0.9763,
        0.9753,
        0.9744,
        0.9771,
        0.9759,
        0.9777,
        0.9772,
        0.977,
        0.9792
    ]
}