{
    "acc_t": [
        0.8733166666666666,
        0.8983666666666666,
        0.9064666666666666,
        0.9105166666666666,
        0.9149166666666667,
        0.9182666666666667,
        0.9198166666666666,
        0.92135,
        0.9242,
        0.9272833333333333,
        0.9268833333333333,
        0.9278,
        0.9292333333333334,
        0.9290833333333334,
        0.9318,
        0.9318833333333333,
        0.9337833333333333,
        0.9336833333333333,
        0.9348,
        0.9362166666666667
    ],
    "acc_e": [
        0.8378,
        0.8431,
        0.8564,
        0.859,
        0.8556,
        0.8638,
        0.8664,
        0.8597,
        0.8492,
        0.8527,
        0.8698,
        0.8585,
        0.8702,
        0.8674,
        0.8711,
        0.8689,
        0.864,
        0.8717,
        0.8735,
        0.8622
    ]
}