{
    "acc_t": [
        0.9377166666666666,
        0.9504166666666667,
        0.9532333333333334,
        0.9553333333333334,
        0.9570833333333333,
        0.9581166666666666,
        0.9590833333333333,
        0.9603333333333334,
        0.96,
        0.9601666666666666,
        0.96105,
        0.9617666666666667,
        0.9623666666666667,
        0.9618666666666666,
        0.96205,
        0.96265,
        0.9641833333333333,
        0.9634666666666667,
        0.9645166666666667,
        0.9633333333333334
    ],
    "acc_e": [
        0.9068,
        0.9248,
        0.925,
        0.9189,
        0.9298,
        0.9347,
        0.93,
        0.9295,
        0.936,
        0.9354,
        0.935,
        0.9356,
        0.9301,
        0.9302,
        0.9339,
        0.9298,
        0.9283,
        0.9343,
        0.9401,
        0.9371
    ]
}