{
    "acc_t": [
        0.8496,
        0.8789833333333333,
        0.8872166666666667,
        0.8942,
        0.8975166666666666,
        0.9009666666666667,
        0.9056833333333333,
        0.9078333333333334,
        0.91175,
        0.9122666666666667,
        0.91535,
        0.9174666666666667,
        0.9192666666666667,
        0.9196333333333333,
        0.9213166666666667,
        0.9230166666666667,
        0.9240666666666667,
        0.9249,
        0.9264,
        0.9266166666666666
    ],
    "acc_e": [
        0.8378,
        0.8479,
        0.8488,
        0.8526,
        0.8601,
        0.8472,
        0.8599,
        0.8619,
        0.8614,
        0.8643,
        0.8696,
        0.8654,
        0.8693,
        0.8681,
        0.8689,
        0.8644,
        0.873,
        0.8669,
        0.8675,
        0.8732
    ]
}