{
    "acc_t": [
        0.8125666666666667,
        0.8112333333333334,
        0.81025,
        0.80965,
        0.8090833333333334,
        0.8086833333333333,
        0.8094166666666667,
        0.8090833333333334,
        0.8096333333333333,
        0.80935,
        0.8099666666666666,
        0.80905,
        0.80945,
        0.8093833333333333,
        0.80905,
        0.8091166666666667,
        0.8089166666666666,
        0.8090333333333334,
        0.80935,
        0.8092
    ],
    "acc_e": [
        0.7544,
        0.7479,
        0.747,
        0.7439,
        0.7443,
        0.7441,
        0.7434,
        0.7476,
        0.7529,
        0.7494,
        0.7373,
        0.7423,
        0.7409,
        0.749,
        0.7405,
        0.7445,
        0.7458,
        0.7396,
        0.7427,
        0.7533
    ]
}