{
    "acc_t": [
        0.9757333333333333,
        0.99175,
        0.9954333333333333,
        0.9967666666666667,
        0.9977333333333334,
        0.9981833333333333,
        0.9987,
        0.9989833333333333,
        0.9993666666666666,
        0.99955,
        0.9996333333333334,
        0.9996,
        0.9996833333333334,
        0.9998166666666667,
        0.9998,
        0.9998333333333334,
        0.99985,
        0.9999,
        0.9999333333333333,
        0.9999166666666667
    ],
    "acc_e": [
        0.9611,
        0.962,
        0.9692,
        0.9713,
        0.9745,
        0.977,
        0.9769,
        0.978,
        0.9763,
        0.9795,
        0.9794,
        0.9793,
        0.98,
        0.9778,
        0.9797,
        0.9779,
        0.9808,
        0.9814,
        0.9804,
        0.9824
    ]
}