{
    "acc_t": [
        0.8252166666666667,
        0.86285,
        0.8717333333333334,
        0.8782,
        0.8817333333333334,
        0.8847166666666667,
        0.88775,
        0.8905333333333333,
        0.8929166666666667,
        0.8945833333333333,
        0.8978166666666667,
        0.8989,
        0.9011666666666667,
        0.9021,
        0.9037166666666666,
        0.9053833333333333,
        0.9075,
        0.90825,
        0.9086666666666666,
        0.9110666666666667
    ],
    "acc_e": [
        0.8156,
        0.8381,
        0.8437,
        0.8461,
        0.8448,
        0.8496,
        0.8363,
        0.8536,
        0.8522,
        0.8584,
        0.8614,
        0.8649,
        0.8616,
        0.8699,
        0.8682,
        0.8674,
        0.8636,
        0.864,
        0.8745,
        0.8702
    ]
}