{
    "acc_t": [
        0.8952333333333333,
        0.9354333333333333,
        0.9464666666666667,
        0.9519166666666666,
        0.9571166666666666,
        0.95975,
        0.9627,
        0.9647833333333333,
        0.96655,
        0.9683833333333334,
        0.9698,
        0.9708166666666667,
        0.9715166666666667,
        0.9723166666666667,
        0.97295,
        0.9734166666666667,
        0.9743833333333334,
        0.9753333333333334,
        0.97565,
        0.97635,
        0.97645,
        0.9768666666666667,
        0.9774666666666667,
        0.9779166666666667,
        0.97825,
        0.9784333333333334,
        0.9786333333333334,
        0.9790833333333333,
        0.9793666666666667,
        0.9789166666666667,
        0.9794,
        0.9798,
        0.9805,
        0.9796833333333334,
        0.9802666666666666,
        0.9806166666666667,
        0.981,
        0.9806666666666667,
        0.98075,
        0.9816666666666667,
        0.9809666666666667,
        0.9812333333333333,
        0.98135,
        0.9816166666666667,
        0.9819,
        0.98155,
        0.9816166666666667,
        0.9820833333333333,
        0.9822833333333333,
        0.98225,
        0.9819833333333333,
        0.98275,
        0.9825166666666667,
        0.9822333333333333,
        0.9825333333333334,
        0.9828166666666667,
        0.9824666666666667,
        0.9831,
        0.9832166666666666,
        0.9826
    ],
    "acc_e": [
        0.9173,
        0.9274,
        0.9374,
        0.9435,
        0.9479,
        0.9441,
        0.9532,
        0.954,
        0.9528,
        0.9535,
        0.9591,
        0.9557,
        0.9586,
        0.9574,
        0.9585,
        0.9571,
        0.9607,
        0.9593,
        0.9588,
        0.9617,
        0.9589,
        0.9615,
        0.9601,
        0.9571,
        0.9594,
        0.9583,
        0.9581,
        0.9613,
        0.9578,
        0.9598,
        0.9608,
        0.9589,
        0.9592,
        0.9607,
        0.9598,
        0.9616,
        0.9613,
        0.9582,
        0.9618,
        0.9588,
        0.9623,
        0.9605,
        0.961,
        0.9605,
        0.9609,
        0.961,
        0.959,
        0.9591,
        0.9597,
        0.9613,
        0.9559,
        0.9583,
        0.9635,
        0.9614,
        0.9618,
        0.9612,
        0.9588,
        0.9636,
        0.9613,
        0.9597
    ]
}