{
    "acc_t": [
        0.9178,
        0.9430333333333333,
        0.951,
        0.9551666666666667,
        0.9588833333333333,
        0.9622166666666667,
        0.9636333333333333,
        0.9658166666666667,
        0.9678833333333333,
        0.9681666666666666,
        0.9691666666666666,
        0.97085,
        0.9714333333333334,
        0.9713833333333334,
        0.9723666666666667,
        0.9735333333333334,
        0.9741166666666666,
        0.9746333333333334,
        0.9747,
        0.9756666666666667
    ],
    "acc_e": [
        0.9181,
        0.9274,
        0.9356,
        0.9368,
        0.9413,
        0.9374,
        0.9406,
        0.9444,
        0.9458,
        0.9489,
        0.9491,
        0.9495,
        0.9481,
        0.9505,
        0.9503,
        0.9522,
        0.9488,
        0.9477,
        0.9537,
        0.9505
    ]
}