{
    "acc_t": [
        0.8837833333333334,
        0.9215166666666667,
        0.9307333333333333,
        0.9361333333333334,
        0.9405833333333333,
        0.94375,
        0.9472833333333334,
        0.9483333333333334,
        0.9496833333333333,
        0.9521666666666667,
        0.9536,
        0.9545,
        0.9562,
        0.9571666666666667,
        0.9581,
        0.9584333333333334,
        0.9598333333333333,
        0.9606833333333333,
        0.9612,
        0.96205
    ],
    "acc_e": [
        0.9105,
        0.9228,
        0.9263,
        0.9321,
        0.9339,
        0.9352,
        0.934,
        0.9365,
        0.9388,
        0.9415,
        0.9403,
        0.9434,
        0.9451,
        0.9461,
        0.9449,
        0.9446,
        0.9496,
        0.9482,
        0.947,
        0.949
    ]
}