{
    "acc_t": [
        0.99965,
        0.9999833333333333,
        0.9999666666666667,
        1.0,
        1.0,
        1.0,
        1.0,
        1.0,
        1.0,
        1.0,
        1.0,
        1.0,
        1.0,
        1.0,
        1.0,
        1.0,
        1.0,
        1.0,
        1.0,
        1.0
    ],
    "acc_e": [
        0.9231,
        0.9553,
        0.9578,
        0.9634,
        0.9633,
        0.9598,
        0.966,
        0.9648,
        0.9611,
        0.9656,
        0.9684,
        0.9658,
        0.9669,
        0.971,
        0.967,
        0.9667,
        0.9676,
        0.9643,
        0.9695,
        0.9693
    ]
}