{
    "acc_t": [
        0.9362,
        0.9496166666666667,
        0.9527333333333333,
        0.95455,
        0.9557333333333333,
        0.9572666666666667,
        0.9586833333333333,
        0.9601666666666666,
        0.9599833333333333,
        0.9602333333333334,
        0.9599666666666666,
        0.9617166666666667,
        0.9618,
        0.9630833333333333,
        0.9620833333333333,
        0.9634333333333334,
        0.9630333333333333,
        0.9636333333333333,
        0.9641166666666666,
        0.9639833333333333
    ],
    "acc_e": [
        0.9216,
        0.9273,
        0.928,
        0.9266,
        0.9321,
        0.9239,
        0.9357,
        0.9372,
        0.9318,
        0.9359,
        0.9327,
        0.9287,
        0.9326,
        0.9209,
        0.9315,
        0.9339,
        0.9382,
        0.9219,
        0.9257,
        0.9346
    ]
}