{
    "acc_t": [
        0.8975166666666666,
        0.9378166666666666,
        0.9494166666666667,
        0.9561666666666667,
        0.96085,
        0.96465,
        0.96745,
        0.9700833333333333,
        0.9711166666666666,
        0.9737333333333333,
        0.9746833333333333,
        0.9765333333333334,
        0.9774,
        0.9781333333333333,
        0.9789333333333333,
        0.9799166666666667,
        0.9803333333333333,
        0.9818,
        0.9824333333333334,
        0.9832,
        0.9833166666666666,
        0.9838166666666667,
        0.9845166666666667,
        0.98455,
        0.9856333333333334,
        0.9859833333333333,
        0.98595,
        0.9865333333333334,
        0.9870333333333333,
        0.987,
        0.9878,
        0.9876166666666667,
        0.9885666666666667,
        0.9884,
        0.98835,
        0.9892666666666666,
        0.9893333333333333,
        0.98905,
        0.9896666666666667,
        0.9903166666666666,
        0.9901833333333333,
        0.9903333333333333,
        0.99055,
        0.9905166666666667,
        0.9908833333333333,
        0.9912166666666666,
        0.9912666666666666,
        0.9916833333333334,
        0.9914,
        0.9918,
        0.9917833333333334,
        0.9923333333333333,
        0.9921333333333333,
        0.99195,
        0.9923833333333333,
        0.9927166666666667,
        0.9928,
        0.9926166666666667,
        0.9928333333333333,
        0.99265
    ],
    "acc_e": [
        0.9152,
        0.9283,
        0.9395,
        0.9465,
        0.9518,
        0.9545,
        0.9563,
        0.9575,
        0.959,
        0.9605,
        0.9624,
        0.9622,
        0.9626,
        0.9628,
        0.9648,
        0.9653,
        0.9663,
        0.9643,
        0.9665,
        0.9683,
        0.9663,
        0.9674,
        0.967,
        0.9707,
        0.9677,
        0.9703,
        0.9684,
        0.9692,
        0.9695,
        0.9711,
        0.9705,
        0.9704,
        0.9704,
        0.9716,
        0.9725,
        0.972,
        0.9721,
        0.9715,
        0.9722,
        0.9725,
        0.9733,
        0.9734,
        0.9725,
        0.9721,
        0.9715,
        0.9718,
        0.9731,
        0.9723,
        0.9731,
        0.9715,
        0.972,
        0.9744,
        0.972,
        0.9732,
        0.9729,
        0.9722,
        0.973,
        0.9733,
        0.9722,
        0.9737
    ]
}