{
    "acc_t": [
        0.85235,
        0.88115,
        0.8898,
        0.89645,
        0.9023333333333333,
        0.9061166666666667,
        0.9091833333333333,
        0.9118833333333334,
        0.9135166666666666,
        0.9168333333333333,
        0.9181666666666667,
        0.9213833333333333,
        0.9209666666666667,
        0.9235833333333333,
        0.9242,
        0.9270166666666667,
        0.9274,
        0.9292833333333334,
        0.9302833333333334,
        0.9305666666666667
    ],
    "acc_e": [
        0.8271,
        0.8443,
        0.854,
        0.856,
        0.8636,
        0.8554,
        0.861,
        0.8692,
        0.8687,
        0.8604,
        0.8682,
        0.8702,
        0.8633,
        0.8733,
        0.8632,
        0.8722,
        0.87,
        0.8743,
        0.8739,
        0.8701
    ]
}