{
    "acc_t": [
        0.9930166666666667,
        0.9865833333333334,
        0.9843666666666666,
        0.98225,
        0.98095,
        0.9805666666666667,
        0.97895,
        0.9795666666666667,
        0.97735,
        0.97705,
        0.9775,
        0.9764166666666667,
        0.9771333333333333,
        0.9770833333333333,
        0.9764666666666667,
        0.9762833333333333,
        0.9749833333333333,
        0.9754,
        0.9753333333333334,
        0.9755166666666667
    ],
    "acc_e": [
        0.8837,
        0.8778,
        0.8924,
        0.8766,
        0.886,
        0.8779,
        0.8623,
        0.8883,
        0.8825,
        0.8941,
        0.8865,
        0.8709,
        0.8868,
        0.8862,
        0.8939,
        0.8936,
        0.8807,
        0.8662,
        0.8902,
        0.8674
    ]
}