{
    "acc_t": [
        0.9320833333333334,
        0.9500333333333333,
        0.9548833333333333,
        0.95905,
        0.9609666666666666,
        0.9615166666666667,
        0.9646333333333333,
        0.965,
        0.9659333333333333,
        0.9668,
        0.96665,
        0.9671666666666666,
        0.9681833333333333,
        0.9685,
        0.9695833333333334,
        0.9699333333333333,
        0.9703333333333334,
        0.9709666666666666,
        0.9719333333333333,
        0.9723333333333334
    ],
    "acc_e": [
        0.9139,
        0.9255,
        0.9258,
        0.933,
        0.9373,
        0.9354,
        0.9393,
        0.9315,
        0.9361,
        0.9387,
        0.9349,
        0.9404,
        0.9399,
        0.9364,
        0.9428,
        0.9407,
        0.9412,
        0.9391,
        0.9364,
        0.9431
    ]
}