{
    "acc_t": [
        0.8477333333333333,
        0.8782166666666666,
        0.8859333333333334,
        0.89195,
        0.8963,
        0.9013,
        0.9043666666666667,
        0.9067333333333333,
        0.9101166666666667,
        0.9115833333333333,
        0.9132166666666667,
        0.9168,
        0.9170333333333334,
        0.91935,
        0.9207833333333333,
        0.9221833333333334,
        0.9240666666666667,
        0.9249,
        0.92595,
        0.9273166666666667
    ],
    "acc_e": [
        0.8317,
        0.842,
        0.8378,
        0.8425,
        0.8572,
        0.8627,
        0.8639,
        0.865,
        0.863,
        0.8582,
        0.8617,
        0.8693,
        0.8611,
        0.874,
        0.8606,
        0.8686,
        0.8729,
        0.847,
        0.8628,
        0.8651
    ]
}