{
    "acc_t": [
        0.96715,
        0.9838333333333333,
        0.9879833333333333,
        0.99045,
        0.9922333333333333,
        0.9930333333333333,
        0.9944333333333333,
        0.9949,
        0.9954666666666667,
        0.9961333333333333,
        0.9965333333333334,
        0.9969666666666667,
        0.9973,
        0.9973166666666666,
        0.9979,
        0.9980833333333333,
        0.9984333333333333,
        0.9983333333333333,
        0.9984833333333333,
        0.9984666666666666
    ],
    "acc_e": [
        0.9516,
        0.9541,
        0.9623,
        0.9638,
        0.9614,
        0.9723,
        0.9689,
        0.9645,
        0.9693,
        0.9723,
        0.9744,
        0.9721,
        0.973,
        0.9728,
        0.9709,
        0.9728,
        0.9732,
        0.9767,
        0.9768,
        0.9748
    ]
}