{
    "acc_t": [
        0.9295166666666667,
        0.9488833333333333,
        0.9564333333333334,
        0.9599833333333333,
        0.9638666666666666,
        0.9653166666666667,
        0.96625,
        0.9686666666666667,
        0.9701,
        0.9706833333333333,
        0.9723833333333334,
        0.9725166666666667,
        0.9730666666666666,
        0.9747666666666667,
        0.9744166666666667,
        0.9748166666666667,
        0.9759,
        0.9762833333333333,
        0.9763666666666667,
        0.9767
    ],
    "acc_e": [
        0.9189,
        0.9293,
        0.9322,
        0.9357,
        0.9373,
        0.9433,
        0.9326,
        0.9457,
        0.9478,
        0.943,
        0.9459,
        0.9477,
        0.9371,
        0.9437,
        0.9434,
        0.939,
        0.95,
        0.949,
        0.9485,
        0.9461
    ]
}