{
    "acc_t": [
        0.9290666666666667,
        0.9490333333333333,
        0.9562166666666667,
        0.9592666666666667,
        0.9621,
        0.9639,
        0.96615,
        0.9678833333333333,
        0.9687166666666667,
        0.9702166666666666,
        0.9714333333333334,
        0.9721166666666666,
        0.97325,
        0.9729,
        0.9740166666666666,
        0.9742666666666666,
        0.97465,
        0.9752166666666666,
        0.9756666666666667,
        0.9766
    ],
    "acc_e": [
        0.9174,
        0.9294,
        0.9322,
        0.9394,
        0.9369,
        0.9382,
        0.9455,
        0.9343,
        0.9426,
        0.9427,
        0.9392,
        0.9474,
        0.941,
        0.9425,
        0.9437,
        0.942,
        0.9476,
        0.9427,
        0.9486,
        0.9456
    ]
}