{
    "acc_t": [
        0.8848333333333334,
        0.9221333333333334,
        0.93105,
        0.9377333333333333,
        0.9409,
        0.9449,
        0.9474166666666667,
        0.9496166666666667,
        0.9515,
        0.9526666666666667,
        0.95495,
        0.9558166666666666,
        0.9567166666666667,
        0.9581166666666666,
        0.9589666666666666,
        0.9597666666666667,
        0.9603,
        0.9613333333333334,
        0.9620333333333333,
        0.9628333333333333
    ],
    "acc_e": [
        0.9103,
        0.9206,
        0.9275,
        0.931,
        0.9305,
        0.9358,
        0.9383,
        0.9378,
        0.9417,
        0.9398,
        0.9439,
        0.942,
        0.9456,
        0.9452,
        0.9461,
        0.947,
        0.9471,
        0.948,
        0.9496,
        0.9465
    ]
}