{
    "acc_t": [
        0.88535,
        0.8843,
        0.8861166666666667,
        0.8926,
        0.9,
        0.9026333333333333,
        0.9065166666666666,
        0.9079333333333334,
        0.9071166666666667,
        0.9100833333333334,
        0.9124,
        0.9123833333333333,
        0.9151166666666667,
        0.9146166666666666,
        0.916,
        0.9145,
        0.9157,
        0.9144166666666667,
        0.9141666666666667,
        0.9126333333333333,
        0.9127166666666666,
        0.9099,
        0.90885,
        0.9067,
        0.9070333333333334,
        0.9057,
        0.9025333333333333,
        0.8975833333333333,
        0.8924833333333333,
        0.8868833333333334,
        0.8911166666666667,
        0.8897,
        0.8873333333333333,
        0.8850166666666667,
        0.8842166666666667,
        0.8838333333333334,
        0.88425,
        0.8829666666666667,
        0.8828333333333334,
        0.8772666666666666,
        0.8640333333333333,
        0.8627166666666667,
        0.8603666666666666,
        0.8592333333333333,
        0.8553333333333333,
        0.8471166666666666,
        0.8367,
        0.8090166666666667,
        0.7816833333333333,
        0.7678,
        0.75815,
        0.7451333333333333,
        0.7237,
        0.7294666666666667,
        0.74725,
        0.7550833333333333,
        0.7540833333333333,
        0.7473166666666666,
        0.7395,
        0.7376
    ],
    "acc_e": [
        0.8881,
        0.8637,
        0.8793,
        0.8796,
        0.8908,
        0.8878,
        0.8882,
        0.8966,
        0.8958,
        0.8955,
        0.901,
        0.9001,
        0.9019,
        0.8991,
        0.9,
        0.8994,
        0.9037,
        0.9004,
        0.8949,
        0.9,
        0.897,
        0.8899,
        0.8927,
        0.8889,
        0.8929,
        0.8861,
        0.8889,
        0.8718,
        0.8716,
        0.8734,
        0.8731,
        0.861,
        0.8721,
        0.8685,
        0.871,
        0.8626,
        0.8664,
        0.8647,
        0.8659,
        0.837,
        0.8289,
        0.8466,
        0.8451,
        0.8289,
        0.8202,
        0.807,
        0.7806,
        0.7665,
        0.7141,
        0.7124,
        0.7016,
        0.6286,
        0.6665,
        0.6777,
        0.6962,
        0.6872,
        0.6889,
        0.689,
        0.6718,
        0.6752
    ]
}