{
    "acc_t": [
        0.9237666666666666,
        0.94555,
        0.9533333333333334,
        0.9565166666666667,
        0.9608,
        0.9634,
        0.9661333333333333,
        0.9662666666666667,
        0.96825,
        0.9699166666666666,
        0.9715166666666667,
        0.9710166666666666,
        0.9719666666666666,
        0.9727166666666667,
        0.9739,
        0.9742166666666666,
        0.9745833333333334,
        0.9749833333333333,
        0.9758666666666667,
        0.9762333333333333
    ],
    "acc_e": [
        0.9196,
        0.9307,
        0.9351,
        0.9372,
        0.9321,
        0.9404,
        0.9406,
        0.9241,
        0.9463,
        0.945,
        0.9476,
        0.9449,
        0.9488,
        0.9406,
        0.9454,
        0.9498,
        0.9475,
        0.9495,
        0.9486,
        0.9475
    ]
}