{
    "acc_t": [
        0.91275,
        0.9492,
        0.96215,
        0.9678833333333333,
        0.97295,
        0.9749666666666666,
        0.9776833333333333,
        0.9793666666666667,
        0.9807333333333333,
        0.9818833333333333,
        0.9829333333333333,
        0.9831166666666666,
        0.9835333333333334,
        0.9840666666666666,
        0.9844166666666667,
        0.9852166666666666,
        0.9850333333333333,
        0.9855333333333334,
        0.98545,
        0.9857333333333334
    ],
    "acc_e": [
        0.9175,
        0.9325,
        0.9308,
        0.9389,
        0.948,
        0.9505,
        0.9467,
        0.9497,
        0.9499,
        0.9508,
        0.9551,
        0.9457,
        0.9549,
        0.9497,
        0.9443,
        0.9562,
        0.9566,
        0.9569,
        0.9497,
        0.9482
    ]
}