{
    "acc_t": [
        0.9245833333333333,
        0.9478833333333333,
        0.9549333333333333,
        0.95955,
        0.9626333333333333,
        0.9649833333333333,
        0.9663833333333334,
        0.9679666666666666,
        0.9699333333333333,
        0.9710333333333333,
        0.9726833333333333,
        0.9725666666666667,
        0.9731666666666666,
        0.9744833333333334,
        0.9752166666666666,
        0.9758833333333333,
        0.9765,
        0.9766166666666667,
        0.9775,
        0.9775
    ],
    "acc_e": [
        0.9165,
        0.9349,
        0.9301,
        0.9339,
        0.9322,
        0.9438,
        0.9437,
        0.9454,
        0.9433,
        0.9425,
        0.9455,
        0.9497,
        0.9481,
        0.9414,
        0.9502,
        0.9474,
        0.9499,
        0.952,
        0.9471,
        0.9465
    ]
}