{
    "acc_t": [
        0.8608666666666667,
        0.8855166666666666,
        0.8946,
        0.9001666666666667,
        0.9057833333333334,
        0.9091333333333333,
        0.9116833333333333,
        0.9161,
        0.9180166666666667,
        0.9200666666666667,
        0.9218166666666666,
        0.9244166666666667,
        0.9249333333333334,
        0.9256333333333333,
        0.9273333333333333,
        0.9291,
        0.9310166666666667,
        0.9323666666666667,
        0.9336666666666666,
        0.9341
    ],
    "acc_e": [
        0.8434,
        0.8354,
        0.8435,
        0.8521,
        0.8558,
        0.8561,
        0.8646,
        0.8647,
        0.8643,
        0.8687,
        0.8715,
        0.8676,
        0.8704,
        0.8724,
        0.8712,
        0.8661,
        0.8651,
        0.8699,
        0.857,
        0.8687
    ]
}