{
    "acc_t": [
        0.8700166666666667,
        0.8925333333333333,
        0.9020833333333333,
        0.9082,
        0.9123166666666667,
        0.9152833333333333,
        0.9185833333333333,
        0.9191333333333334,
        0.9220333333333334,
        0.9247333333333333,
        0.9275333333333333,
        0.9272333333333334,
        0.9303833333333333,
        0.9298833333333333,
        0.9329166666666666,
        0.93295,
        0.9343333333333333,
        0.9367,
        0.937,
        0.93755
    ],
    "acc_e": [
        0.8393,
        0.8501,
        0.854,
        0.8525,
        0.8594,
        0.8602,
        0.8567,
        0.8677,
        0.8643,
        0.8635,
        0.8698,
        0.8666,
        0.8694,
        0.8698,
        0.872,
        0.8696,
        0.876,
        0.8746,
        0.8753,
        0.8766
    ]
}