{
    "acc_t": [
        0.76785,
        0.8162666666666667,
        0.831,
        0.8403333333333334,
        0.8461833333333333,
        0.8515666666666667,
        0.8550666666666666,
        0.8573166666666666,
        0.85885,
        0.86135,
        0.8639833333333333,
        0.86495,
        0.8662833333333333,
        0.86825,
        0.8682166666666666,
        0.8697333333333334,
        0.8708333333333333,
        0.8722333333333333,
        0.8733166666666666,
        0.8734833333333333
    ],
    "acc_e": [
        0.7933,
        0.7917,
        0.8175,
        0.8224,
        0.8247,
        0.8289,
        0.8323,
        0.8274,
        0.8387,
        0.843,
        0.8407,
        0.8433,
        0.8426,
        0.8436,
        0.8434,
        0.8476,
        0.8513,
        0.847,
        0.8457,
        0.8508
    ]
}