{
    "acc_t": [
        0.9173666666666667,
        0.9426333333333333,
        0.9505666666666667,
        0.9547,
        0.9591666666666666,
        0.96105,
        0.9632666666666667,
        0.9654333333333334,
        0.9668666666666667,
        0.96845,
        0.9690166666666666,
        0.9697,
        0.9706833333333333,
        0.9716333333333333,
        0.9727166666666667,
        0.9734166666666667,
        0.97325,
        0.974,
        0.9746666666666667,
        0.9754
    ],
    "acc_e": [
        0.9184,
        0.9247,
        0.9354,
        0.9382,
        0.9364,
        0.9446,
        0.941,
        0.9454,
        0.9473,
        0.9475,
        0.9495,
        0.9446,
        0.951,
        0.9509,
        0.9487,
        0.948,
        0.9508,
        0.9448,
        0.9523,
        0.947
    ]
}