{
    "acc_t": [
        0.93245,
        0.9507333333333333,
        0.95585,
        0.95965,
        0.9612166666666667,
        0.9632666666666667,
        0.9665,
        0.9673833333333334,
        0.9681166666666666,
        0.96835,
        0.9697,
        0.9694833333333334,
        0.97075,
        0.9708166666666667,
        0.9717,
        0.9722833333333334,
        0.97255,
        0.97325,
        0.9736666666666667,
        0.9747333333333333
    ],
    "acc_e": [
        0.9175,
        0.9258,
        0.9341,
        0.9307,
        0.9337,
        0.9374,
        0.9391,
        0.9386,
        0.9374,
        0.9315,
        0.9317,
        0.9415,
        0.9318,
        0.943,
        0.9421,
        0.9405,
        0.9431,
        0.9494,
        0.9469,
        0.9439
    ]
}