{
    "acc_t": [
        0.8874166666666666,
        0.9047,
        0.9081166666666667,
        0.9088166666666667,
        0.9096,
        0.9099833333333334,
        0.9108,
        0.9126666666666666,
        0.9136333333333333,
        0.9135,
        0.9141833333333333,
        0.9145666666666666,
        0.91475,
        0.9144666666666666,
        0.9139666666666667,
        0.9138833333333334,
        0.9152666666666667,
        0.91615,
        0.9151166666666667,
        0.9158666666666667
    ],
    "acc_e": [
        0.8423,
        0.8484,
        0.85,
        0.8543,
        0.8487,
        0.8553,
        0.8499,
        0.8422,
        0.8511,
        0.8614,
        0.857,
        0.851,
        0.859,
        0.8491,
        0.8536,
        0.8515,
        0.8579,
        0.8479,
        0.8566,
        0.8562
    ]
}