{
    "acc_t": [
        0.9606166666666667,
        0.9681333333333333,
        0.9718,
        0.9749,
        0.9772,
        0.9796333333333334,
        0.9812333333333333,
        0.9838,
        0.9846166666666667,
        0.9860833333333333,
        0.9872333333333333,
        0.9883166666666666,
        0.9884833333333334,
        0.9892,
        0.9895833333333334,
        0.9907333333333334,
        0.9908166666666667,
        0.9910333333333333,
        0.9915833333333334,
        0.9919666666666667
    ],
    "acc_e": [
        0.9236,
        0.9286,
        0.9291,
        0.9247,
        0.9395,
        0.9357,
        0.9379,
        0.9415,
        0.9529,
        0.9404,
        0.9463,
        0.9561,
        0.9542,
        0.9575,
        0.958,
        0.9535,
        0.9528,
        0.9587,
        0.9547,
        0.9594
    ]
}