{
    "acc_t": [
        0.9063333333333333,
        0.9354666666666667,
        0.9434833333333333,
        0.9491833333333334,
        0.9520333333333333,
        0.9550166666666666,
        0.9572,
        0.9594833333333334,
        0.9603833333333334,
        0.9618333333333333,
        0.96335,
        0.9641833333333333,
        0.9653166666666667,
        0.96665,
        0.9674166666666667,
        0.9687166666666667,
        0.9684,
        0.9695166666666667,
        0.9701333333333333,
        0.9710166666666666
    ],
    "acc_e": [
        0.9159,
        0.927,
        0.9263,
        0.9334,
        0.935,
        0.9368,
        0.9395,
        0.9428,
        0.9462,
        0.9428,
        0.9469,
        0.9468,
        0.9492,
        0.9465,
        0.9501,
        0.9477,
        0.9489,
        0.9501,
        0.9493,
        0.9473
    ]
}