{
    "acc_t": [
        0.9329,
        0.9506833333333333,
        0.9560833333333333,
        0.95815,
        0.9612166666666667,
        0.9630666666666666,
        0.96495,
        0.9647,
        0.9665833333333333,
        0.96745,
        0.96855,
        0.9686833333333333,
        0.96915,
        0.9709333333333333,
        0.9708333333333333,
        0.9709,
        0.97185,
        0.9727166666666667,
        0.9722666666666666,
        0.9732333333333333
    ],
    "acc_e": [
        0.9201,
        0.9286,
        0.9293,
        0.9331,
        0.934,
        0.93,
        0.938,
        0.937,
        0.9414,
        0.9391,
        0.9409,
        0.9403,
        0.9449,
        0.9357,
        0.9447,
        0.9404,
        0.9474,
        0.9471,
        0.9436,
        0.9473
    ]
}