{
    "acc_t": [
        0.8964166666666666,
        0.9286666666666666,
        0.9368333333333333,
        0.9423333333333334,
        0.9463,
        0.9484666666666667,
        0.9521,
        0.9536333333333333,
        0.9550333333333333,
        0.9568833333333333,
        0.9580833333333333,
        0.9597833333333333,
        0.961,
        0.9615833333333333,
        0.9629,
        0.9638333333333333,
        0.9643333333333334,
        0.9656666666666667,
        0.9657833333333333,
        0.96655
    ],
    "acc_e": [
        0.9123,
        0.9267,
        0.923,
        0.9323,
        0.9325,
        0.9337,
        0.9379,
        0.9406,
        0.9442,
        0.9421,
        0.9447,
        0.9448,
        0.9455,
        0.9443,
        0.9471,
        0.947,
        0.9489,
        0.9491,
        0.9474,
        0.9517
    ]
}