{
    "acc_t": [
        0.7653,
        0.8154166666666667,
        0.8299166666666666,
        0.8396,
        0.8454,
        0.8509833333333333,
        0.8534833333333334,
        0.8565666666666667,
        0.8595333333333334,
        0.8617166666666667,
        0.8635333333333334,
        0.8646333333333334,
        0.8666666666666667,
        0.8682833333333333,
        0.86835,
        0.86855,
        0.8709333333333333,
        0.8718166666666667,
        0.8730166666666667,
        0.8744166666666666
    ],
    "acc_e": [
        0.7895,
        0.8078,
        0.8092,
        0.8213,
        0.8254,
        0.8285,
        0.8328,
        0.8382,
        0.8349,
        0.833,
        0.8407,
        0.8344,
        0.8421,
        0.8471,
        0.847,
        0.853,
        0.846,
        0.8483,
        0.8471,
        0.85
    ]
}