{
    "acc_t": [
        0.8934,
        0.9330666666666667,
        0.9461666666666667,
        0.9529666666666666,
        0.9579166666666666,
        0.9629,
        0.9665,
        0.9692666666666667,
        0.9714666666666667,
        0.9731333333333333,
        0.9746833333333333,
        0.9767166666666667,
        0.9786333333333334,
        0.9787833333333333,
        0.9801,
        0.9813166666666666,
        0.9819333333333333,
        0.9835,
        0.9835333333333334,
        0.9846666666666667,
        0.98495,
        0.9855166666666667,
        0.9863666666666666,
        0.9866666666666667,
        0.9875833333333334,
        0.98815,
        0.9886333333333334,
        0.9887833333333333,
        0.98945,
        0.9896166666666667,
        0.9902666666666666,
        0.9903666666666666,
        0.9904333333333334,
        0.9911333333333333,
        0.9914,
        0.9919166666666667,
        0.9918166666666667,
        0.99205,
        0.9921166666666666,
        0.99245,
        0.9927666666666667,
        0.9928,
        0.9935166666666667,
        0.9934666666666667,
        0.9936833333333334,
        0.9938666666666667,
        0.99435,
        0.9940833333333333,
        0.9941166666666666,
        0.9944833333333334,
        0.9945166666666667,
        0.9947,
        0.9949833333333333,
        0.99535,
        0.9952166666666666,
        0.9952,
        0.9954833333333334,
        0.99565,
        0.99575,
        0.9956666666666667
    ],
    "acc_e": [
        0.9133,
        0.9277,
        0.9434,
        0.9456,
        0.9486,
        0.9491,
        0.9505,
        0.9601,
        0.9585,
        0.9611,
        0.9645,
        0.9639,
        0.9679,
        0.9681,
        0.968,
        0.968,
        0.9685,
        0.9705,
        0.9688,
        0.9681,
        0.9726,
        0.9723,
        0.9717,
        0.9715,
        0.9737,
        0.9736,
        0.9737,
        0.9747,
        0.9729,
        0.9732,
        0.975,
        0.9766,
        0.9748,
        0.9756,
        0.9744,
        0.9758,
        0.9769,
        0.9771,
        0.9766,
        0.975,
        0.9765,
        0.9766,
        0.976,
        0.9774,
        0.9762,
        0.9772,
        0.9778,
        0.9785,
        0.9758,
        0.9785,
        0.9784,
        0.9777,
        0.979,
        0.9785,
        0.9784,
        0.9794,
        0.9793,
        0.9791,
        0.9781,
        0.9797
    ]
}