{
    "acc_t": [
        0.8674333333333333,
        0.89185,
        0.9000666666666667,
        0.9062666666666667,
        0.91085,
        0.9149,
        0.9167166666666666,
        0.91905,
        0.9209666666666667,
        0.9229833333333334,
        0.9252,
        0.9262166666666667,
        0.9285,
        0.9289333333333334,
        0.9307833333333333,
        0.9314333333333333,
        0.9334166666666667,
        0.9336,
        0.935,
        0.9355833333333333
    ],
    "acc_e": [
        0.84,
        0.8485,
        0.8414,
        0.858,
        0.8533,
        0.8603,
        0.8593,
        0.851,
        0.8669,
        0.8692,
        0.8717,
        0.8607,
        0.8634,
        0.866,
        0.8696,
        0.8666,
        0.8581,
        0.8709,
        0.8702,
        0.8712
    ]
}