{
    "acc_t": [
        0.9795333333333334,
        0.97605,
        0.9736333333333334,
        0.972,
        0.9710166666666666,
        0.9700833333333333,
        0.9681166666666666,
        0.9674833333333334,
        0.9671333333333333,
        0.9671666666666666,
        0.9666166666666667,
        0.9659833333333333,
        0.9656833333333333,
        0.9649333333333333,
        0.9648666666666667,
        0.9653833333333334,
        0.965,
        0.9649833333333333,
        0.9649,
        0.9649666666666666
    ],
    "acc_e": [
        0.9057,
        0.9271,
        0.9175,
        0.9014,
        0.9088,
        0.9178,
        0.887,
        0.9168,
        0.9085,
        0.8989,
        0.9126,
        0.9115,
        0.916,
        0.9126,
        0.8936,
        0.9005,
        0.9035,
        0.9158,
        0.9048,
        0.9107
    ]
}