{
    "acc_t": [
        0.9661333333333333,
        0.9829333333333333,
        0.9879333333333333,
        0.9913833333333333,
        0.99285,
        0.9941333333333333,
        0.9951666666666666,
        0.9958833333333333,
        0.9966333333333334,
        0.99695,
        0.9971833333333333,
        0.99775,
        0.9977833333333334,
        0.9979833333333333,
        0.9983166666666666,
        0.9987,
        0.9987166666666667,
        0.999,
        0.9991,
        0.9988666666666667
    ],
    "acc_e": [
        0.9383,
        0.9566,
        0.9632,
        0.9603,
        0.9578,
        0.9694,
        0.9718,
        0.9691,
        0.9615,
        0.9719,
        0.9679,
        0.9714,
        0.9679,
        0.9732,
        0.9738,
        0.9759,
        0.9759,
        0.9759,
        0.9776,
        0.9775
    ]
}