{
    "acc_t": [
        0.8412,
        0.87225,
        0.8824166666666666,
        0.8877833333333334,
        0.89145,
        0.89465,
        0.8983666666666666,
        0.8998,
        0.9024,
        0.9049833333333334,
        0.9067166666666666,
        0.90995,
        0.9106833333333333,
        0.9119166666666667,
        0.9133333333333333,
        0.91375,
        0.9167166666666666,
        0.9174833333333333,
        0.9182166666666667,
        0.9204166666666667
    ],
    "acc_e": [
        0.8261,
        0.8427,
        0.8462,
        0.8474,
        0.8437,
        0.8625,
        0.8619,
        0.8559,
        0.8621,
        0.8564,
        0.8629,
        0.8685,
        0.8406,
        0.869,
        0.8597,
        0.8723,
        0.8515,
        0.8727,
        0.873,
        0.867
    ]
}