{
    "acc_t": [
        0.8927,
        0.92995,
        0.9414166666666667,
        0.9481666666666667,
        0.9527833333333333,
        0.9580833333333333,
        0.96155,
        0.9635833333333333,
        0.9664,
        0.969,
        0.9706666666666667,
        0.9716833333333333,
        0.9730666666666666,
        0.9745833333333334,
        0.9755333333333334,
        0.9761666666666666,
        0.9774666666666667,
        0.9777,
        0.9784166666666667,
        0.9791166666666666,
        0.9799333333333333,
        0.9810833333333333,
        0.9811833333333333,
        0.9819833333333333,
        0.9819833333333333,
        0.9826833333333334,
        0.9832166666666666,
        0.98315,
        0.9830166666666666,
        0.9838333333333333,
        0.9836833333333334,
        0.9837,
        0.9833,
        0.98315,
        0.9835333333333334,
        0.9835333333333334,
        0.98275,
        0.98245,
        0.9825166666666667,
        0.9813666666666667,
        0.9809333333333333,
        0.98,
        0.97845,
        0.9771,
        0.9754333333333334,
        0.97225,
        0.97085,
        0.9699666666666666,
        0.96985,
        0.9693666666666667,
        0.9681,
        0.9648333333333333,
        0.96495,
        0.9649666666666666,
        0.96425,
        0.9644666666666667,
        0.9637666666666667,
        0.9627,
        0.9613833333333334,
        0.9605333333333334
    ],
    "acc_e": [
        0.9097,
        0.9226,
        0.9336,
        0.9359,
        0.9429,
        0.943,
        0.9516,
        0.949,
        0.9529,
        0.9524,
        0.9544,
        0.9581,
        0.9612,
        0.9582,
        0.9619,
        0.9632,
        0.9632,
        0.9611,
        0.9648,
        0.9645,
        0.9652,
        0.9647,
        0.9646,
        0.9654,
        0.9677,
        0.9678,
        0.9674,
        0.9648,
        0.9672,
        0.9681,
        0.9674,
        0.9667,
        0.9664,
        0.967,
        0.9613,
        0.967,
        0.9648,
        0.9667,
        0.964,
        0.9646,
        0.9629,
        0.966,
        0.9605,
        0.9602,
        0.955,
        0.9547,
        0.9511,
        0.9549,
        0.9563,
        0.9504,
        0.9484,
        0.9459,
        0.9507,
        0.9471,
        0.9477,
        0.9462,
        0.9479,
        0.9437,
        0.9428,
        0.9441
    ]
}