{
    "acc_t": [
        0.8977,
        0.9356833333333333,
        0.9480666666666666,
        0.9553,
        0.9606166666666667,
        0.9646666666666667,
        0.9685,
        0.9703833333333334,
        0.9725166666666667,
        0.9741833333333333,
        0.9756333333333334,
        0.9773166666666666,
        0.97845,
        0.97945,
        0.98045,
        0.981,
        0.9817833333333333,
        0.98245,
        0.9830166666666666,
        0.9838,
        0.9843666666666666,
        0.9848666666666667,
        0.9850333333333333,
        0.9862833333333333,
        0.9861833333333333,
        0.98695,
        0.9871333333333333,
        0.98765,
        0.98795,
        0.9886833333333334,
        0.9888333333333333,
        0.9889833333333333,
        0.98935,
        0.9894666666666667,
        0.9898166666666667,
        0.9902166666666666,
        0.99055,
        0.9906166666666667,
        0.9909,
        0.99125,
        0.9912166666666666,
        0.9916666666666667,
        0.9917333333333334,
        0.9918833333333333,
        0.9924,
        0.9923833333333333,
        0.9924,
        0.99265,
        0.9928666666666667,
        0.9931333333333333,
        0.9933,
        0.9938,
        0.9938166666666667,
        0.9935,
        0.9941333333333333,
        0.9940333333333333,
        0.9943666666666666,
        0.99435,
        0.9942833333333333,
        0.9947
    ],
    "acc_e": [
        0.9181,
        0.9341,
        0.941,
        0.947,
        0.9505,
        0.9521,
        0.9576,
        0.954,
        0.9597,
        0.9631,
        0.9632,
        0.963,
        0.9663,
        0.9663,
        0.9659,
        0.9676,
        0.9681,
        0.9665,
        0.9687,
        0.9712,
        0.9681,
        0.97,
        0.9694,
        0.9706,
        0.9701,
        0.9719,
        0.9727,
        0.9725,
        0.9714,
        0.9741,
        0.9705,
        0.972,
        0.9724,
        0.9725,
        0.9726,
        0.9737,
        0.9716,
        0.9745,
        0.974,
        0.9736,
        0.9734,
        0.9748,
        0.973,
        0.9754,
        0.9747,
        0.9745,
        0.9735,
        0.9742,
        0.9739,
        0.9736,
        0.9755,
        0.9761,
        0.9767,
        0.975,
        0.9747,
        0.9753,
        0.975,
        0.9756,
        0.975,
        0.9776
    ]
}