{
    "acc_t": [
        0.8778,
        0.9159333333333334,
        0.9263166666666667,
        0.9318,
        0.9363166666666667,
        0.9398333333333333,
        0.9423666666666667,
        0.9445333333333333,
        0.9470333333333333,
        0.9482166666666667,
        0.9492666666666667,
        0.9514,
        0.9525333333333333,
        0.9537833333333333,
        0.9547666666666667,
        0.9554666666666667,
        0.9560333333333333,
        0.9574833333333334,
        0.9584833333333334,
        0.9584333333333334
    ],
    "acc_e": [
        0.9068,
        0.9193,
        0.9196,
        0.9288,
        0.9316,
        0.9313,
        0.9341,
        0.9302,
        0.9367,
        0.9357,
        0.9391,
        0.9434,
        0.9424,
        0.9408,
        0.9423,
        0.9452,
        0.9455,
        0.9401,
        0.9443,
        0.9446
    ]
}