{
    "acc_t": [
        0.8787333333333334,
        0.90115,
        0.9082833333333333,
        0.911,
        0.9126666666666666,
        0.9148666666666667,
        0.91655,
        0.9180833333333334,
        0.91895,
        0.9200166666666667,
        0.9216333333333333,
        0.9221666666666667,
        0.9234166666666667,
        0.9245666666666666,
        0.9257,
        0.9257333333333333,
        0.92705,
        0.9272833333333333,
        0.9277333333333333,
        0.9296833333333333
    ],
    "acc_e": [
        0.8151,
        0.8496,
        0.833,
        0.8408,
        0.8553,
        0.8528,
        0.8594,
        0.8574,
        0.8593,
        0.8561,
        0.8625,
        0.8655,
        0.8671,
        0.8557,
        0.8504,
        0.8568,
        0.8617,
        0.8582,
        0.8683,
        0.863
    ]
}