{
    "acc_t": [
        0.9241166666666667,
        0.9465333333333333,
        0.9542666666666667,
        0.9585666666666667,
        0.9617666666666667,
        0.9643,
        0.966,
        0.9667333333333333,
        0.96835,
        0.9703833333333334,
        0.9713,
        0.9725166666666667,
        0.9733333333333334,
        0.9742,
        0.9747833333333333,
        0.9747666666666667,
        0.9752666666666666,
        0.9763333333333334,
        0.97625,
        0.9768833333333333
    ],
    "acc_e": [
        0.912,
        0.9238,
        0.9323,
        0.9375,
        0.9385,
        0.9414,
        0.942,
        0.9458,
        0.9425,
        0.9431,
        0.9458,
        0.9478,
        0.9446,
        0.9468,
        0.9467,
        0.9496,
        0.9479,
        0.951,
        0.9495,
        0.95
    ]
}