{
    "acc_t": [
        0.8094333333333333,
        0.88645,
        0.8992666666666667,
        0.9053666666666667,
        0.91015,
        0.9139333333333334,
        0.917,
        0.9196166666666666,
        0.9224333333333333,
        0.9245166666666667,
        0.9257,
        0.9279,
        0.9294166666666667,
        0.9303333333333333,
        0.9323666666666667,
        0.9330833333333334,
        0.9337833333333333,
        0.9351666666666667,
        0.9359833333333333,
        0.9371833333333334
    ],
    "acc_e": [
        0.8786,
        0.8953,
        0.9068,
        0.9101,
        0.9107,
        0.9157,
        0.918,
        0.9209,
        0.9212,
        0.9216,
        0.9243,
        0.9276,
        0.927,
        0.9256,
        0.9305,
        0.9307,
        0.9311,
        0.9304,
        0.932,
        0.93
    ]
}