{
    "acc_t": [
        0.8907833333333334,
        0.9249833333333334,
        0.9344,
        0.93965,
        0.9438166666666666,
        0.9467,
        0.9498,
        0.9518166666666666,
        0.9540666666666666,
        0.955,
        0.9564,
        0.9576833333333333,
        0.9593166666666667,
        0.9600333333333333,
        0.9608,
        0.96265,
        0.96335,
        0.9639666666666666,
        0.96495,
        0.9650833333333333
    ],
    "acc_e": [
        0.9079,
        0.9147,
        0.9261,
        0.9305,
        0.9325,
        0.9318,
        0.9376,
        0.9396,
        0.9399,
        0.9427,
        0.9405,
        0.9416,
        0.9434,
        0.9458,
        0.9464,
        0.948,
        0.9484,
        0.948,
        0.9505,
        0.9505
    ]
}