{
    "acc_t": [
        0.8952333333333333,
        0.9346666666666666,
        0.9475833333333333,
        0.95495,
        0.9601666666666666,
        0.96455,
        0.9674,
        0.9697833333333333,
        0.97225,
        0.9740333333333333,
        0.9760666666666666,
        0.9773,
        0.9782333333333333,
        0.9794,
        0.9802333333333333,
        0.9811333333333333,
        0.9816833333333334,
        0.9829666666666667,
        0.98365,
        0.98435,
        0.9846333333333334,
        0.9858,
        0.9861,
        0.9868,
        0.987,
        0.98795,
        0.98785,
        0.9888,
        0.9890666666666666,
        0.9896666666666667,
        0.9899333333333333,
        0.9904666666666667,
        0.9903833333333333,
        0.9910333333333333,
        0.9914833333333334,
        0.99155,
        0.9918333333333333,
        0.99185,
        0.9923333333333333,
        0.9925666666666667,
        0.9926666666666667,
        0.9930666666666667,
        0.9931833333333333,
        0.9936,
        0.9933833333333333,
        0.994,
        0.9941833333333333,
        0.9942,
        0.9943166666666666,
        0.9944666666666667,
        0.9947333333333334,
        0.9946666666666667,
        0.99495,
        0.99485,
        0.9952,
        0.9954,
        0.9957,
        0.9954166666666666,
        0.99555,
        0.9957166666666667
    ],
    "acc_e": [
        0.9117,
        0.9289,
        0.9377,
        0.9462,
        0.9521,
        0.9518,
        0.9547,
        0.9572,
        0.9621,
        0.9619,
        0.9636,
        0.966,
        0.9676,
        0.9687,
        0.9685,
        0.9709,
        0.969,
        0.9713,
        0.9705,
        0.9712,
        0.9706,
        0.9712,
        0.9722,
        0.9727,
        0.9726,
        0.9734,
        0.9738,
        0.9729,
        0.9744,
        0.9733,
        0.9739,
        0.9773,
        0.9749,
        0.9754,
        0.976,
        0.9747,
        0.9733,
        0.9753,
        0.9757,
        0.9765,
        0.9752,
        0.9762,
        0.9747,
        0.9757,
        0.9741,
        0.9762,
        0.9763,
        0.9745,
        0.9765,
        0.9765,
        0.9777,
        0.9794,
        0.9778,
        0.9786,
        0.9777,
        0.9765,
        0.9781,
        0.9768,
        0.9788,
        0.978
    ]
}