{
    "acc_t": [
        0.88545,
        0.9214,
        0.9306333333333333,
        0.9362833333333334,
        0.9406333333333333,
        0.944,
        0.9467,
        0.9493333333333334,
        0.9508666666666666,
        0.9523166666666667,
        0.95345,
        0.955,
        0.9561333333333333,
        0.9579666666666666,
        0.9582,
        0.9594,
        0.9602166666666667,
        0.9611166666666666,
        0.9619166666666666,
        0.9624166666666667
    ],
    "acc_e": [
        0.9078,
        0.918,
        0.9225,
        0.9282,
        0.9316,
        0.9351,
        0.9369,
        0.9373,
        0.9401,
        0.9415,
        0.9455,
        0.9422,
        0.9447,
        0.9459,
        0.9471,
        0.9453,
        0.9469,
        0.9476,
        0.9469,
        0.9466
    ]
}