{
    "acc_t": [
        0.8540166666666666,
        0.8814833333333333,
        0.8899166666666667,
        0.8952,
        0.9003833333333333,
        0.9043166666666667,
        0.9091166666666667,
        0.9112833333333333,
        0.9132,
        0.9164166666666667,
        0.9168833333333334,
        0.9193833333333333,
        0.92145,
        0.9225,
        0.9232833333333333,
        0.9257,
        0.9275833333333333,
        0.92885,
        0.9301333333333334,
        0.93015
    ],
    "acc_e": [
        0.8256,
        0.8397,
        0.8566,
        0.8511,
        0.8526,
        0.8605,
        0.858,
        0.8635,
        0.8578,
        0.8722,
        0.8615,
        0.8631,
        0.8698,
        0.871,
        0.8687,
        0.8565,
        0.8756,
        0.8671,
        0.8741,
        0.8752
    ]
}