{
    "acc_t": [
        0.8262,
        0.8619,
        0.8712666666666666,
        0.8769166666666667,
        0.8815833333333334,
        0.8852666666666666,
        0.8880833333333333,
        0.8904,
        0.8922666666666667,
        0.8951333333333333,
        0.8975666666666666,
        0.8989833333333334,
        0.9011333333333333,
        0.9017166666666667,
        0.9045333333333333,
        0.9044166666666666,
        0.90705,
        0.9077833333333334,
        0.9087166666666666,
        0.9102333333333333
    ],
    "acc_e": [
        0.8225,
        0.8383,
        0.8385,
        0.8413,
        0.841,
        0.841,
        0.8451,
        0.8608,
        0.8582,
        0.858,
        0.8582,
        0.866,
        0.8434,
        0.864,
        0.8606,
        0.8631,
        0.8639,
        0.8662,
        0.8627,
        0.8624
    ]
}