{
    "acc_t": [
        0.86,
        0.88465,
        0.89465,
        0.9001333333333333,
        0.9053666666666667,
        0.9092166666666667,
        0.91255,
        0.9148833333333334,
        0.9174333333333333,
        0.9190666666666667,
        0.9221,
        0.9228166666666666,
        0.9249333333333334,
        0.9270666666666667,
        0.9283,
        0.9298333333333333,
        0.92955,
        0.93265,
        0.93305,
        0.93325
    ],
    "acc_e": [
        0.8228,
        0.8464,
        0.8443,
        0.86,
        0.8576,
        0.8659,
        0.8669,
        0.8647,
        0.8614,
        0.8702,
        0.8605,
        0.8732,
        0.8584,
        0.8655,
        0.8717,
        0.8694,
        0.8718,
        0.8753,
        0.8644,
        0.8686
    ]
}