{
    "acc_t": [
        0.9868833333333333,
        0.9970666666666667,
        0.9987333333333334,
        0.9992333333333333,
        0.9996166666666667,
        0.99975,
        0.99985,
        0.9999,
        0.9999333333333333,
        0.9999166666666667,
        0.9999666666666667,
        0.9999666666666667,
        0.99995,
        0.9999833333333333,
        0.9999833333333333,
        1.0,
        0.9999833333333333,
        0.9999833333333333,
        1.0,
        0.9999833333333333
    ],
    "acc_e": [
        0.9632,
        0.9625,
        0.9723,
        0.9727,
        0.974,
        0.9725,
        0.9776,
        0.9761,
        0.9775,
        0.9787,
        0.9777,
        0.9779,
        0.9788,
        0.9768,
        0.9787,
        0.9777,
        0.9763,
        0.9782,
        0.9767,
        0.9787
    ]
}