{
    "acc_t": [
        0.99145,
        0.98515,
        0.9819166666666667,
        0.98095,
        0.9804333333333334,
        0.9787666666666667,
        0.97795,
        0.9775166666666667,
        0.9774833333333334,
        0.9774833333333334,
        0.9772666666666666,
        0.9759333333333333,
        0.9754666666666667,
        0.97675,
        0.9759333333333333,
        0.9764,
        0.9752833333333333,
        0.9757166666666667,
        0.9750333333333333,
        0.9751833333333333
    ],
    "acc_e": [
        0.8627,
        0.8768,
        0.8637,
        0.8785,
        0.8674,
        0.8797,
        0.8607,
        0.8673,
        0.881,
        0.8837,
        0.8915,
        0.881,
        0.8712,
        0.8756,
        0.8686,
        0.8766,
        0.8978,
        0.8916,
        0.8901,
        0.9014
    ]
}