{
    "acc_t": [
        0.8988833333333334,
        0.9288833333333333,
        0.9369166666666666,
        0.9430833333333334,
        0.9468666666666666,
        0.95025,
        0.9523666666666667,
        0.9546833333333333,
        0.9567666666666667,
        0.95785,
        0.9593333333333334,
        0.9603333333333334,
        0.9611166666666666,
        0.9626,
        0.9632833333333334,
        0.9637333333333333,
        0.9653333333333334,
        0.9658833333333333,
        0.9665833333333333,
        0.96745
    ],
    "acc_e": [
        0.91,
        0.9213,
        0.9289,
        0.9317,
        0.9341,
        0.9392,
        0.9401,
        0.9424,
        0.9425,
        0.9432,
        0.9441,
        0.9447,
        0.9451,
        0.947,
        0.9482,
        0.9444,
        0.9465,
        0.9477,
        0.9493,
        0.9484
    ]
}