{
    "acc_t": [
        0.8126666666666666,
        0.8853166666666666,
        0.8977333333333334,
        0.9048666666666667,
        0.9101,
        0.9139666666666667,
        0.9173166666666667,
        0.9198666666666667,
        0.9216333333333333,
        0.9241,
        0.9254333333333333,
        0.9272,
        0.92915,
        0.9301166666666667,
        0.9317,
        0.9329666666666667,
        0.9337666666666666,
        0.93455,
        0.93645,
        0.9369333333333333
    ],
    "acc_e": [
        0.8775,
        0.8942,
        0.9026,
        0.9097,
        0.9102,
        0.9162,
        0.9188,
        0.9191,
        0.9228,
        0.9209,
        0.924,
        0.9255,
        0.9244,
        0.9275,
        0.9287,
        0.9293,
        0.928,
        0.9294,
        0.9306,
        0.932
    ]
}