{
    "acc_t": [
        0.89995,
        0.9302666666666667,
        0.93985,
        0.9454333333333333,
        0.9495166666666667,
        0.9527333333333333,
        0.9544833333333334,
        0.9565333333333333,
        0.9583833333333334,
        0.9602666666666667,
        0.9616,
        0.9623333333333334,
        0.9637666666666667,
        0.9643333333333334,
        0.96535,
        0.9656666666666667,
        0.9669833333333333,
        0.9681333333333333,
        0.9678,
        0.96875
    ],
    "acc_e": [
        0.9102,
        0.9249,
        0.9288,
        0.9275,
        0.9386,
        0.9371,
        0.9431,
        0.9452,
        0.9423,
        0.946,
        0.947,
        0.9451,
        0.9468,
        0.9465,
        0.9473,
        0.9474,
        0.9495,
        0.9494,
        0.9506,
        0.9498
    ]
}