{
    "acc_t": [
        0.89855,
        0.9303833333333333,
        0.93975,
        0.9450166666666666,
        0.9489333333333333,
        0.95195,
        0.9543333333333334,
        0.9561833333333334,
        0.9586333333333333,
        0.9597,
        0.9611833333333333,
        0.9618666666666666,
        0.9634333333333334,
        0.9644666666666667,
        0.9648666666666667,
        0.9664166666666667,
        0.9667,
        0.9675833333333334,
        0.9679,
        0.9684
    ],
    "acc_e": [
        0.9036,
        0.9209,
        0.9322,
        0.9333,
        0.939,
        0.9394,
        0.9389,
        0.9388,
        0.9413,
        0.9437,
        0.9433,
        0.9428,
        0.9475,
        0.9481,
        0.9493,
        0.9478,
        0.9485,
        0.9508,
        0.9487,
        0.9513
    ]
}