{
    "acc_t": [
        0.9058666666666667,
        0.9354166666666667,
        0.9440666666666667,
        0.9495,
        0.9532166666666667,
        0.9565166666666667,
        0.9580833333333333,
        0.96025,
        0.96195,
        0.9635,
        0.96425,
        0.966,
        0.96665,
        0.9674666666666667,
        0.9687833333333333,
        0.9691333333333333,
        0.9695333333333334,
        0.9705666666666667,
        0.9707166666666667,
        0.9715333333333334
    ],
    "acc_e": [
        0.9145,
        0.9284,
        0.9305,
        0.9387,
        0.9368,
        0.9435,
        0.9431,
        0.9434,
        0.9447,
        0.9446,
        0.9452,
        0.9493,
        0.9511,
        0.9494,
        0.9492,
        0.9507,
        0.9498,
        0.9499,
        0.9516,
        0.9521
    ]
}