{
    "acc_t": [
        0.9883166666666666,
        0.9805,
        0.97645,
        0.9755166666666667,
        0.97475,
        0.9737166666666667,
        0.97285,
        0.9737833333333333,
        0.9733666666666667,
        0.9732333333333333,
        0.9742333333333333,
        0.9741333333333333,
        0.9736666666666667,
        0.9730833333333333,
        0.9728166666666667,
        0.9731,
        0.9738166666666667,
        0.9724833333333334,
        0.9727,
        0.9732
    ],
    "acc_e": [
        0.8998,
        0.9028,
        0.8985,
        0.9049,
        0.8987,
        0.8828,
        0.9068,
        0.914,
        0.9136,
        0.9118,
        0.9101,
        0.8913,
        0.9049,
        0.9051,
        0.9006,
        0.8959,
        0.9034,
        0.9068,
        0.9056,
        0.8995
    ]
}